"survey_year","survey_date","site_code","plot_number","a_dea_alive","a_dea_dead","a_fri_alive","a_fri_dead","a_obl_alive","a_obl_dead","other_alive","other_dead"
2012,2012-05-08,"1","1",0,2,0,0,0,0,0,0
2012,2012-05-08,"1","3",0,1,0,0,0,0,0,0
2012,2012-05-08,"1","2",0,2,0,0,0,0,0,0
2012,2012-05-08,"2","1",1,1,0,0,0,0,0,0
2012,2012-05-08,"2","2",1,0,0,0,0,0,0,0
2012,2012-05-08,"2","3",0,0,0,0,0,0,0,0
2012,2012-04-30,"3","3",0,5,0,0,0,0,0,0
2012,2012-04-30,"3","1",0,8,0,0,0,0,0,0
2012,2012-04-30,"3","2",0,0,0,0,0,0,0,0
2012,2012-05-08,"4","1",3,4,1,0,0,0,0,0
2012,2012-05-08,"4","2",3,7,0,0,0,0,0,0
2012,2012-05-08,"4","3",4,2,1,0,0,0,0,0
2012,2012-06-08,"5","1",0,0,0,0,0,0,0,0
2012,2012-06-08,"5","2",0,0,0,0,0,0,0,0
2012,2012-06-08,"5","3",0,3,0,0,0,0,0,0
2012,2012-05-08,"6","1",0,39,0,0,0,0,0,0
2012,2012-05-08,"6","2",9,16,0,0,0,0,0,0
2012,2012-05-08,"6","3",3,23,0,0,0,0,0,0
2012,2012-04-13,"7","3",10,8,0,0,0,0,0,0
2012,2012-04-13,"7","1",19,0,0,0,0,0,0,0
2012,2012-04-13,"7","2",13,6,0,0,0,0,0,0
2012,2012-06-08,"8","2",0,21,0,0,0,0,0,0
2012,2012-06-08,"8","3",0,16,0,0,0,0,0,0
2012,2012-06-08,"8","1",11,0,0,0,0,0,0,0
2012,2012-04-26,"11","1",0,2,0,0,0,0,0,0
2012,2012-04-26,"11","2",0,0,0,0,0,0,0,0
2012,2012-04-26,"11","3",0,6,0,0,0,0,0,0
2012,2012-05-17,"12","2",0,0,0,0,0,4,0,0
2012,2012-05-17,"12","3",0,0,0,0,2,2,0,0
2012,2012-05-17,"12","1",0,0,0,0,2,6,0,0
2012,2012-05-25,"15","1",0,0,1,11,0,0,0,0
2012,2012-05-25,"15","2",0,0,14,13,0,0,0,0
2012,2012-05-25,"15","3",0,0,2,1,0,0,0,0
2012,2012-05-29,"17","1",1,0,0,0,0,0,0,0
2012,2012-05-29,"17","2",6,2,1,0,0,0,0,0
2012,2012-05-29,"17","3",7,0,0,0,3,1,0,0
2012,2012-06-07,"18","1",1,0,0,0,0,0,0,0
2012,2012-06-07,"18","2",7,0,0,0,0,0,0,0
2012,2012-06-07,"18","3",2,0,0,0,0,0,0,0
2012,2012-05-23,"21","1",0,0,11,1,0,0,0,0
2012,2012-05-23,"21","2",0,0,12,2,0,0,0,0
2012,2012-05-23,"21","3",0,0,9,6,0,0,0,0
2012,2012-05-21,"22","2",0,3,0,2,0,0,0,0
2012,2012-05-21,"22","1",1,14,1,0,0,0,0,0
2012,2012-05-21,"22","3",0,1,0,0,0,0,0,0
2012,2012-05-18,"25","1",0,1,0,0,0,0,0,0
2012,2012-05-18,"25","2",0,0,0,15,0,0,0,0
2012,2012-05-18,"25","3",0,2,0,7,0,0,0,0
2012,2012-05-07,"27","1",0,0,10,0,0,0,0,0
2012,2012-05-07,"27","2",0,0,10,2,0,0,0,0
2012,2012-05-07,"27","3",0,0,13,2,0,0,0,0
2012,2012-07-12,"28","1",0,0,0,0,0,0,0,0
2012,2012-07-12,"28","2",5,0,0,0,0,0,0,0
2012,2012-07-12,"28","3",4,1,0,0,0,0,0,0
2012,2012-05-07,"29","1",2,1,0,0,0,0,0,0
2012,2012-05-07,"29","2",4,1,0,0,0,0,0,0
2012,2012-05-07,"29","3",5,3,0,0,0,0,0,0
2012,2012-07-12,"30","1",0,0,4,0,0,0,0,0
2012,2012-07-12,"30","2",0,0,0,0,0,0,0,0
2012,2012-07-12,"30","3",0,0,0,0,0,0,0,0
2012,2012-05-07,"32","1",4,1,0,0,0,0,0,0
2012,2012-05-07,"32","2",2,2,0,0,0,0,0,0
2012,2012-05-07,"32","3",0,0,0,0,0,0,0,0
2012,2012-04-03,"100","1",6,6,6,0,0,0,0,0
2012,2012-04-03,"100","2",6,4,4,0,0,0,0,0
2012,2012-04-03,"100","3",3,0,3,0,0,0,0,0
2012,2012-05-17,"101","1",2,0,0,0,0,0,0,0
2012,2012-05-17,"101","2",1,6,0,0,1,0,0,0
2012,2012-05-17,"101","3",5,3,0,0,0,0,0,0
2012,2012-04-02,"105","1",1,0,0,0,1,0,0,0
2012,2012-04-02,"105","2",3,0,0,0,0,0,0,0
2012,2012-04-02,"105","3",0,0,0,0,0,0,0,0
2012,2012-05-10,"107","1",0,0,4,4,0,0,0,0
2012,2012-05-10,"107","2",0,0,0,0,0,0,0,0
2012,2012-05-10,"107","3",0,0,7,4,0,0,0,0
2012,2012-05-08,"110","1",1,0,9,0,0,0,0,0
2012,2012-05-08,"110","2",0,0,9,2,0,0,0,0
2012,2012-05-08,"110","3",0,0,5,2,0,0,0,0
2012,2012-04-30,"111","1",3,0,6,3,0,0,0,0
2012,2012-04-30,"111","2",7,0,4,1,0,0,0,0
2012,2012-04-30,"111","3",0,0,0,0,0,0,0,0
2012,2012-05-10,"112","1",0,0,0,0,0,0,0,0
2012,2012-05-10,"112","2",0,0,0,0,0,0,0,0
2012,2012-05-10,"112","3",0,0,0,0,0,0,0,0
2012,2012-04-03,"119","1",0,0,0,0,0,0,0,0
2012,2012-04-03,"119","2",0,0,0,0,0,0,0,0
2012,2012-04-03,"119","3",0,0,0,0,0,0,0,0
2012,2012-07-06,"121","1",1,3,0,0,0,0,0,0
2012,2012-07-06,"121","2",0,0,0,0,0,0,0,0
2012,2012-07-06,"121","3",0,0,0,0,0,0,0,0
2012,2012-05-09,"126","1",5,7,0,0,0,0,0,0
2012,2012-05-09,"126","2",4,10,0,0,2,0,0,0
2012,2012-05-09,"126","3",1,0,0,0,0,0,0,0
2012,2012-07-06,"129","1",8,5,0,0,0,0,0,0
2012,2012-07-06,"129","2",4,1,0,0,0,0,0,0
2012,2012-07-06,"129","3",4,3,0,0,0,0,0,0
2012,2012-04-12,"136","1",0,0,0,0,0,0,7,0
2012,2012-04-12,"136","2",1,0,0,0,0,0,3,0
2012,2012-04-12,"136","3",0,0,0,0,0,0,3,0
2012,2015-04-13,"139","1",0,0,0,0,6,3,0,0
2012,2015-04-13,"139","2",2,1,0,0,3,1,0,0
2012,2015-04-13,"139","3",6,6,0,0,0,0,0,0
2012,2012-04-13,"142","1",0,6,0,0,0,0,0,0
2012,2012-04-13,"142","2",4,2,0,0,0,0,0,0
2012,2012-04-13,"142","3",2,0,0,0,0,0,0,0
2012,2012-06-06,"172","1",17,2,0,0,0,0,0,0
2012,2012-06-06,"172","2",0,0,0,0,0,0,0,0
2012,2012-06-06,"172","3",4,0,0,0,0,0,0,0
2012,2012-05-17,"176","1",1,1,0,0,0,0,0,0
2012,2012-05-17,"176","2",0,0,0,0,0,0,0,0
2012,2012-05-17,"176","3",0,0,0,0,0,0,0,0
2012,2012-07-11,"203","1",0,0,0,1,0,0,0,0
2012,2012-07-11,"203","2",0,0,0,3,0,0,0,0
2012,2012-07-11,"203","3",0,0,0,0,0,0,0,0
2012,2012-07-11,"215","1",0,0,9,3,0,0,0,0
2012,2012-07-11,"215","2",2,0,1,0,0,0,0,0
2012,2012-07-11,"215","3",6,1,2,1,0,0,0,0
2012,2012-05-07,"220","1",0,2,0,0,0,0,0,0
2012,2012-05-07,"220","2",0,0,0,0,0,0,0,0
2012,2012-05-07,"220","3",2,2,0,0,0,0,0,0
2012,2012-07-13,"221","1",0,0,0,0,0,0,0,0
2012,2012-07-13,"221","2",0,0,0,0,0,0,0,0
2012,2012-07-13,"221","3",0,0,0,0,0,0,0,0
2012,2012-07-13,"222","1",0,0,0,0,0,0,0,0
2012,2012-07-13,"222","2",0,0,9,3,0,0,0,0
2012,2012-07-13,"222","3",0,0,12,5,0,0,0,0
2012,2012-07-11,"233","1",0,0,9,0,0,0,0,0
2012,2012-07-11,"233","2",0,0,17,4,0,0,0,0
2012,2012-07-11,"233","3",0,0,16,3,0,0,0,0
2012,2012-06-01,"269","1",5,4,0,0,0,0,0,0
2012,2012-06-01,"269","2",2,0,0,0,1,0,0,0
2012,2012-06-01,"269","3",5,1,0,0,0,0,0,0
2012,2012-04-02,"274","1",1,0,0,0,0,0,0,0
2012,2012-04-02,"274","2",0,1,0,0,0,0,0,0
2012,2012-04-02,"274","3",0,0,0,0,0,0,0,0
2012,2012-05-17,"277","1",0,0,1,2,0,0,0,0
2012,2012-05-17,"277","2",0,0,0,2,0,0,0,0
2012,2012-05-17,"277","3",0,0,1,1,0,0,0,0
2012,2012-04-12,"278","1",1,0,0,0,0,0,0,0
2012,2012-04-12,"278","2",6,8,0,0,0,0,0,0
2012,2012-04-12,"278","3",0,0,0,0,0,0,0,0
2012,2012-07-13,"299","1",3,0,0,0,0,0,2,0
2012,2012-07-13,"299","2",3,0,0,0,0,0,1,0
2012,2012-07-13,"299","3",2,1,0,0,0,0,0,0
2012,2012-07-13,"300","1",0,0,0,0,0,0,0,0
2012,2012-07-13,"300","2",1,0,0,0,0,0,0,0
2012,2012-07-13,"300","3",0,0,0,0,0,0,0,0
2012,2012-06-01,"301","1",1,1,0,0,0,0,0,0
2012,2012-06-01,"301","2",0,2,0,0,0,0,1,0
2012,2012-06-01,"301","3",0,0,0,0,0,0,0,0
2012,2012-04-30,"302","1",0,0,0,0,0,0,7,2
2012,2012-04-30,"302","2",0,0,0,0,0,0,0,0
2012,2012-04-30,"302","3",0,0,0,0,0,0,1,0
2012,2012-06-01,"303","1",0,0,0,0,0,0,2,0
2012,2012-06-01,"303","2",0,0,0,0,0,0,1,0
2012,2012-06-01,"303","3",0,0,0,0,0,0,2,0
2012,2012-07-11,"305","1",0,0,0,0,0,0,0,0
2012,2012-07-11,"305","2",0,0,0,0,0,0,0,0
2012,2012-07-11,"305","3",0,0,0,0,0,0,0,0
2012,2012-05-10,"340","1",0,0,0,0,0,0,0,0
2012,2012-05-10,"340","2",0,0,0,0,0,0,0,0
2012,2012-05-10,"340","3",0,3,0,0,0,0,0,0
2012,2012-05-09,"354","1",9,6,0,0,0,0,0,0
2012,2012-05-09,"354","2",2,5,0,0,0,0,0,0
2012,2012-05-09,"354","3",4,3,0,0,0,0,0,0
2012,2012-04-03,"357","1",0,0,0,0,0,0,0,0
2012,2012-04-03,"357","2",0,0,1,0,0,0,0,0
2012,2012-04-03,"357","3",1,0,0,0,0,0,0,0
2012,2012-04-27,"363","1",0,1,1,0,0,0,0,0
2012,2012-04-27,"363","2",0,0,0,0,0,0,0,0
2012,2012-04-27,"363","3",0,0,0,0,0,0,0,0
2012,2012-04-27,"370","1",0,0,0,24,0,0,0,0
2012,2012-04-27,"370","2",0,0,0,8,0,0,0,0
2012,2012-04-27,"370","3",0,0,3,0,0,0,0,0
2012,2012-04-03,"402","1",1,0,1,0,0,0,0,0
2012,2012-04-03,"402","2",0,0,4,0,0,0,0,0
2012,2012-04-03,"402","3",0,0,2,0,0,0,0,0
2012,2012-04-03,"406","1",0,0,0,0,0,0,0,0
2012,2012-04-03,"406","2",0,0,0,0,0,0,0,0
2012,2012-04-03,"406","3",0,0,0,0,0,0,0,0
2012,2012-06-07,"481","1",9,0,8,0,0,0,0,0
2012,2012-06-07,"481","2",8,0,4,0,0,0,0,0
2012,2012-06-07,"481","3",10,0,14,1,0,0,0,0
2012,2012-05-29,"486","1",0,0,29,1,0,0,0,0
2012,2012-05-29,"486","2",0,0,22,5,0,0,0,0
2012,2012-05-29,"486","3",0,0,14,2,0,0,0,0
2012,2012-04-02,"487","1",0,0,0,0,0,0,0,0
2012,2012-04-02,"487","2",0,4,0,0,0,0,0,0
2012,2012-04-02,"487","3",0,0,0,0,0,0,0,0
2012,2012-05-21,"491","1",1,0,0,0,0,0,0,0
2012,2012-05-21,"491","2",0,0,0,0,0,0,0,0
2012,2012-05-21,"491","3",0,0,0,0,0,0,0,0
2012,2012-05-21,"493","1",0,2,0,0,0,0,0,0
2012,2012-05-21,"493","2",2,2,0,0,0,0,0,0
2012,2012-05-21,"493","3",0,3,0,0,0,0,0,0
2012,2012-05-23,"497","1",3,0,0,0,0,0,0,0
2012,2012-05-23,"497","2",1,0,0,0,0,0,0,0
2012,2012-05-23,"497","3",1,0,0,0,0,0,0,0
2012,2012-05-23,"499","1",1,1,0,1,0,0,0,0
2012,2012-05-23,"499","2",0,0,0,1,0,0,0,0
2012,2012-05-23,"499","3",0,7,0,0,0,0,0,0
2012,2012-05-23,"502","1",2,0,13,2,0,0,0,0
2012,2012-05-23,"502","2",0,0,15,2,0,0,0,0
2012,2012-05-23,"502","3",0,0,14,0,0,0,0,0
2012,2012-04-02,"503","1",0,0,0,0,0,0,0,0
2012,2012-04-02,"503","2",0,0,0,0,0,0,0,0
2012,2012-04-02,"503","3",0,0,0,0,0,0,0,0
2012,2012-04-17,"508","1",0,0,0,0,0,0,0,0
2012,2012-04-17,"508","2",0,0,0,0,0,0,0,0
2012,2012-04-17,"508","3",0,0,0,0,0,0,0,0
2012,2012-04-17,"509","1",0,0,0,0,0,0,0,0
2012,2012-04-17,"509","2",0,0,0,0,0,0,0,0
2012,2012-04-17,"509","3",0,0,0,0,0,0,0,0
2012,2012-04-03,"518","1",0,0,0,0,0,0,0,0
2012,2012-04-03,"518","2",0,0,0,0,0,0,0,0
2012,2012-04-03,"518","3",0,0,0,0,0,0,0,0
2012,2012-04-30,"535","1",0,0,0,4,0,0,0,0
2012,2012-04-30,"535","2",0,0,0,3,0,0,0,0
2012,2012-04-30,"535","3",0,0,0,6,0,0,0,0
2012,2012-04-02,"589","1",0,0,0,0,0,0,0,0
2012,2012-04-02,"589","2",0,0,0,0,0,0,0,0
2012,2012-04-02,"589","3",0,0,0,0,0,0,0,0
2012,2012-04-03,"700","1",1,1,2,0,0,0,0,0
2012,2012-04-03,"700","2",1,0,8,2,0,0,0,0
2012,2012-04-03,"700","3",0,0,13,6,0,0,0,0
2012,2012-05-01,"703","1",0,0,0,0,0,0,0,0
2012,2012-05-01,"703","2",0,0,0,0,0,0,0,0
2012,2012-05-01,"703","3",0,0,0,0,0,0,0,0
2012,2012-05-17,"705","1",0,0,0,0,0,0,0,0
2012,2012-05-17,"705","2",0,1,0,0,0,0,0,0
2012,2012-05-17,"705","3",1,2,0,0,0,0,0,0
2012,2012-05-31,"707","1",0,0,8,3,0,0,0,0
2012,2012-05-31,"707","2",0,0,5,1,0,0,0,0
2012,2012-05-31,"707","3",0,0,5,4,0,0,0,0
2012,2012-07-11,"708","1",0,0,11,4,0,0,0,0
2012,2012-07-11,"708","2",0,0,12,8,0,0,0,0
2012,2012-07-11,"708","3",0,2,5,7,0,0,0,0
2012,2012-05-01,"709","1",1,0,8,0,0,0,0,0
2012,2012-05-01,"709","2",0,0,10,0,0,0,0,0
2012,2012-05-01,"709","3",0,0,24,0,0,0,0,0
2012,2012-05-31,"711","1",0,0,19,9,0,0,0,0
2012,2012-05-31,"711","2",1,0,16,5,0,0,0,0
2012,2012-05-31,"711","3",0,0,5,0,0,0,0,0
2012,2012-05-08,"712","1",0,20,0,0,0,0,0,0
2012,2012-05-08,"712","2",4,22,0,0,0,0,0,0
2012,2012-05-08,"712","3",0,5,0,0,0,0,0,0
2012,2012-04-14,"715","1",1,0,0,0,0,0,0,0
2012,2012-04-14,"715","2",3,0,0,0,0,0,3,0
2012,2012-04-14,"715","3",0,0,0,0,0,0,4,0
2012,2012-05-08,"717","1",6,3,5,0,0,0,0,0
2012,2012-05-08,"717","2",4,3,6,0,0,0,0,0
2012,2012-05-08,"717","3",5,0,6,1,0,0,0,0
2012,2012-04-16,"718","1",24,2,0,0,0,0,0,0
2012,2012-04-16,"718","2",20,0,0,0,0,0,0,0
2012,2012-04-16,"718","3",8,0,0,0,0,0,0,0
2012,2012-04-17,"719","1",3,1,0,0,0,0,0,0
2012,2012-04-17,"719","2",2,0,0,0,0,0,0,0
2012,2012-04-17,"719","3",7,0,5,0,0,0,0,0
2012,2012-06-07,"723","1",1,0,0,0,0,0,0,0
2012,2012-06-07,"723","2",7,2,0,0,0,0,0,0
2012,2012-06-07,"723","3",4,0,0,0,0,0,0,0
2012,2012-04-09,"724","1",0,0,3,1,0,0,0,0
2012,2012-04-09,"724","2",0,0,3,0,0,0,0,0
2012,2012-04-09,"724","3",0,0,0,0,0,0,0,0
2012,2012-05-21,"726","1",1,0,9,9,0,0,0,0
2012,2012-05-21,"726","2",3,0,12,9,0,0,0,0
2012,2012-05-21,"726","3",1,0,2,3,0,0,0,0
2012,2012-05-29,"727","1",0,0,26,5,0,0,0,0
2012,2012-05-29,"727","2",0,0,21,4,0,0,0,0
2012,2012-05-29,"727","3",0,0,20,2,0,0,0,0
2012,2012-04-27,"728","1",0,0,0,11,0,0,0,0
2012,2012-04-27,"728","2",0,0,0,10,0,0,0,0
2012,2012-04-27,"728","3",0,0,0,8,0,0,0,0
2012,2012-05-21,"731","1",0,0,0,0,0,0,0,0
2012,2012-05-21,"731","2",2,8,0,0,0,0,0,0
2012,2012-05-21,"731","3",0,0,0,0,0,0,0,0
2012,2012-04-17,"733","1",0,0,1,2,0,0,0,0
2012,2012-04-17,"733","2",2,0,0,0,0,0,0,0
2012,2012-04-17,"733","3",14,4,3,4,0,0,0,0
2012,2012-04-17,"734","1",7,4,2,0,0,0,0,0
2012,2012-04-17,"734","2",22,14,1,0,0,0,0,0
2012,2012-04-17,"734","3",9,2,14,4,0,0,0,0
2012,2012-05-08,"735","1",0,0,8,2,0,0,0,0
2012,2012-05-08,"735","2",0,0,5,3,0,0,0,0
2012,2012-05-08,"735","3",0,0,8,3,0,0,0,0
2012,2012-05-09,"740","1",1,2,0,0,0,0,0,0
2012,2012-05-09,"740","2",2,5,0,0,0,0,0,0
2012,2012-05-09,"740","3",0,3,0,0,0,0,0,0
2012,2012-06-07,"741","1",2,1,2,0,0,0,0,0
2012,2012-06-07,"741","2",1,1,4,3,0,0,0,0
2012,2012-06-07,"741","3",11,1,0,0,0,0,0,0
2012,2012-05-29,"744","1",0,0,3,12,0,0,0,0
2012,2012-05-29,"744","2",0,0,0,10,0,0,0,0
2012,2012-05-29,"744","3",0,0,4,6,0,0,0,0
2012,2012-04-27,"745","1",0,0,0,11,0,0,0,0
2012,2012-04-27,"745","2",0,0,0,6,0,0,0,0
2012,2012-04-27,"745","3",0,0,0,13,0,0,0,0
2012,2012-04-17,"746","1",0,0,34,17,0,0,0,0
2012,2012-04-17,"746","2",0,0,1,18,0,0,0,0
2012,2012-04-17,"746","3",0,0,5,29,0,0,0,0
2012,2012-06-06,"747","1",0,4,0,0,0,4,0,0
2012,2012-06-06,"747","2",0,1,0,0,0,4,0,0
2012,2012-06-06,"747","3",0,0,0,0,0,0,0,0
2012,2012-05-31,"748","1",0,0,14,5,0,0,0,0
2012,2012-05-31,"748","2",0,0,9,8,0,0,0,0
2012,2012-05-31,"748","3",3,0,7,1,0,0,0,0
2012,2012-04-02,"749","1",0,3,2,0,0,0,0,0
2012,2012-04-02,"749","2",0,0,0,0,0,0,0,0
2012,2012-04-02,"749","3",3,0,3,0,0,0,0,0
2012,2012-05-21,"750","1",0,0,0,0,0,0,1,0
2012,2012-05-21,"750","2",0,4,0,0,0,0,0,0
2012,2012-05-21,"750","3",0,0,0,0,0,0,6,0
2012,2012-05-29,"751","1",0,0,1,15,0,0,0,0
2012,2012-05-29,"751","2",0,0,0,13,0,0,0,0
2012,2012-05-29,"751","3",0,0,1,18,0,0,0,0
2012,2012-06-12,"753","1",0,14,0,0,0,0,0,0
2012,2012-06-12,"753","2",0,25,0,0,0,0,0,0
2012,2012-06-12,"753","3",1,18,0,0,0,0,0,0
2012,2012-05-30,"800","1",0,0,0,0,0,3,0,0
2012,2012-05-30,"800","2",0,0,0,0,0,3,0,0
2012,2012-05-30,"800","3",0,0,0,0,0,0,0,0
2012,2012-06-06,"801","1",0,0,0,0,11,2,0,0
2012,2012-06-06,"801","2",0,0,0,0,11,1,0,0
2012,2012-06-06,"801","3",1,0,0,0,14,4,0,0
2012,2012-05-10,"802","1",0,5,0,0,0,5,0,0
2012,2012-05-10,"802","2",0,2,0,0,0,5,0,0
2012,2012-05-10,"802","3",0,1,0,0,0,5,0,0
2012,2012-05-10,"803","1",0,2,0,0,0,8,0,0
2012,2012-05-10,"803","2",0,5,0,0,0,4,0,0
2012,2012-05-10,"803","3",2,9,0,0,0,2,0,0
2012,2012-05-07,"804","1",1,0,0,0,0,0,0,0
2012,2012-05-07,"804","2",0,0,0,0,0,0,0,0
2012,2012-05-07,"804","3",0,0,0,0,0,0,0,0
2012,2012-06-13,"805","1",2,0,0,0,0,0,0,0
2012,2012-06-13,"805","2",1,0,0,0,0,0,0,0
2012,2012-06-13,"805","3",0,0,0,0,0,0,0,0
2012,2012-07-31,"806","1",2,0,0,0,0,0,0,0
2012,2012-07-31,"806","2",2,2,0,0,0,0,0,0
2012,2012-07-31,"806","3",1,18,0,0,0,0,0,0
2012,2012-06-13,"807","1",0,8,0,0,0,0,0,0
2012,2012-06-13,"807","2",0,16,0,0,0,0,0,0
2012,2012-06-13,"807","3",1,14,0,0,0,0,0,0
2012,2012-04-30,"808","1",0,1,0,0,0,0,0,0
2012,2012-04-30,"808","2",0,0,0,0,0,0,2,0
2012,2012-04-30,"808","3",0,0,0,0,0,0,0,0
2012,2012-05-31,"809","1",1,0,0,0,2,0,0,0
2012,2012-05-31,"809","2",0,0,0,0,1,1,0,0
2012,2012-05-31,"809","3",0,0,0,0,1,0,0,0
2012,2012-06-13,"811","1",1,5,0,0,0,0,0,0
2012,2012-06-13,"811","2",3,5,0,0,0,0,0,0
2012,2012-06-13,"811","3",3,0,0,0,0,0,0,0
2012,2012-05-30,"816","1",0,0,0,0,0,1,0,0
2012,2012-05-30,"816","2",0,0,0,0,0,0,0,0
2012,2012-05-30,"816","3",0,0,0,0,0,0,0,0
2012,2012-06-08,"903","1",0,1,0,0,0,0,0,0
2012,2012-06-08,"903","2",0,0,0,0,0,0,0,0
2012,2012-06-08,"903","3",0,2,0,0,0,0,0,0
2012,2012-06-13,"905","1",1,4,0,0,0,0,0,0
2012,2012-06-13,"905","2",0,7,0,0,0,0,0,0
2012,2012-06-13,"905","3",0,0,0,2,1,0,0,0
2012,2012-06-08,"906","1",0,0,0,3,0,0,0,0
2012,2012-06-08,"906","2",0,0,0,0,0,0,0,0
2012,2012-06-08,"906","3",0,3,0,0,0,0,0,0
2012,2012-05-10,"907","1",0,2,0,0,0,0,0,0
2012,2012-05-10,"907","2",0,0,0,0,0,0,0,0
2012,2012-05-10,"907","3",0,0,0,1,0,0,0,0
2012,2012-05-10,"908","1",4,8,0,0,0,0,0,0
2012,2012-05-10,"908","2",1,6,0,0,0,0,0,0
2012,2012-05-10,"908","3",0,2,0,0,0,0,0,0
2012,2012-05-10,"909","1",0,11,0,0,0,0,0,0
2012,2012-05-10,"909","2",0,6,0,0,0,0,0,0
2012,2012-05-10,"909","3",0,4,0,0,0,0,0,0
2012,2012-05-10,"910","1",1,14,0,0,0,0,0,0
2012,2012-05-10,"910","2",0,13,0,0,0,0,0,0
2012,2012-05-10,"910","3",3,1,0,0,0,0,0,0
2012,2012-09-03,"911","1",0,3,0,0,0,0,0,0
2012,2012-09-03,"911","2",0,2,0,0,0,0,0,0
2012,2012-09-03,"911","3",0,5,0,0,0,0,0,0
2012,2012-09-06,"912","1",5,0,0,0,0,0,0,0
2012,2012-09-06,"912","2",3,0,0,0,0,0,0,0
2012,2012-09-06,"912","3",4,1,0,0,0,0,0,0
2012,2012-09-07,"913","1",0,4,0,0,0,0,0,0
2012,2012-09-07,"913","2",0,3,0,0,0,0,0,0
2012,2012-09-07,"913","3",0,3,0,0,0,0,0,0
2012,2012-09-07,"914","1",0,0,0,0,0,0,0,0
2012,2012-09-07,"914","2",3,0,0,0,0,0,0,0
2012,2012-09-07,"914","3",2,1,0,0,0,0,0,0
2013,2013-04-30,"2","3",3,0,0,0,0,0,0,0
2013,2013-04-30,"2","1",0,0,0,0,0,0,0,0
2013,2013-04-30,"2","2",2,0,0,0,0,0,0,0
2013,2013-07-03,"5","2",0,0,0,0,0,0,0,0
2013,2013-07-03,"5","3",0,0,0,3,0,0,0,0
2013,2013-07-03,"5","1",0,0,0,0,0,0,0,0
2013,2013-06-11,"6","1",0,39,0,0,0,0,0,0
2013,2013-06-11,"6","2",9,16,0,0,0,0,0,0
2013,2013-06-11,"6","3",3,23,0,0,0,0,0,0
2013,2013-06-11,"7","1",19,0,0,0,0,0,0,0
2013,2013-06-11,"7","2",13,6,0,0,0,0,0,0
2013,2013-06-11,"7","3",10,8,0,0,0,0,0,0
2013,2013-05-28,"8","2",0,21,0,0,0,0,0,0
2013,2013-05-28,"8","3",0,16,0,0,0,0,0,0
2013,2013-05-28,"8","1",11,0,0,0,0,0,0,0
2013,2013-04-30,"11","1",0,0,0,0,0,3,0,0
2013,2013-04-30,"11","2",0,0,0,0,0,0,0,0
2013,2013-04-30,"11","3",0,0,0,0,0,8,0,0
2013,2013-05-16,"19","1",3,1,0,0,0,0,0,0
2013,2013-05-16,"19","2",0,1,0,4,0,0,0,0
2013,2013-05-16,"19","3",0,0,0,9,0,0,0,0
2013,2013-05-29,"20","1",0,3,1,0,0,0,0,0
2013,2013-05-29,"20","2",0,1,0,0,0,0,11,0
2013,2013-05-29,"20","3",0,1,0,0,0,0,3,0
2013,2013-05-08,"22","1",2,17,0,0,0,0,0,0
2013,2013-05-08,"22","2",0,3,0,0,0,0,0,0
2013,2013-05-08,"22","3",0,1,0,0,0,0,0,0
2013,2013-06-28,"25","1",0,1,0,0,0,0,0,0
2013,2013-06-28,"25","2",0,0,0,8,0,0,0,0
2013,2013-06-28,"25","3",2,0,0,6,0,0,0,0
2013,2013-06-28,"26","1",0,0,0,0,0,0,0,0
2013,2013-06-28,"26","2",0,0,0,0,0,0,0,0
2013,2013-06-28,"26","3",0,0,0,0,2,0,0,0
2013,2013-04-12,"29","1",2,0,0,0,0,0,0,0
2013,2013-04-12,"29","2",4,1,0,0,0,0,0,0
2013,2013-04-12,"29","3",5,3,0,0,0,0,0,0
2013,2013-04-12,"30","1",0,0,4,0,0,0,0,0
2013,2013-04-12,"30","2",0,0,2,0,0,0,0,0
2013,2013-04-12,"30","3",0,0,0,0,0,0,0,0
2013,2013-04-12,"32","1",4,1,0,0,0,0,0,0
2013,2013-04-12,"32","2",1,2,0,0,0,0,0,0
2013,2013-04-12,"32","3",0,1,0,0,0,0,0,0
2013,2013-04-30,"107","1",0,0,4,4,0,0,0,0
2013,2013-04-30,"107","2",0,0,0,0,0,0,0,0
2013,2013-04-30,"107","3",0,0,7,3,0,0,0,0
2013,2013-04-30,"119","1",0,0,0,0,0,0,0,0
2013,2013-04-30,"119","2",0,0,0,0,0,0,0,0
2013,2013-04-30,"119","3",0,0,0,0,0,0,0,0
2013,2013-04-30,"142","1",0,3,0,0,0,0,0,0
2013,2013-04-30,"142","2",1,2,0,0,0,0,0,0
2013,2013-04-30,"142","3",1,0,0,0,0,0,0,0
2013,2013-05-02,"340","1",0,0,0,0,0,0,0,0
2013,2013-05-02,"340","2",0,0,0,0,0,0,0,0
2013,2013-05-02,"340","3",0,2,0,0,0,0,0,0
2013,2013-05-10,"354","1",9,5,0,0,0,0,0,0
2013,2013-05-10,"354","2",2,5,0,0,0,0,0,0
2013,2013-05-10,"354","3",4,3,0,0,0,0,0,0
2013,2013-03-26,"357","1",0,0,0,0,0,0,0,0
2013,2013-03-26,"357","2",0,0,1,0,0,0,0,0
2013,2013-03-26,"357","3",1,0,0,0,0,0,0,0
2013,2013-03-20,"363","1",0,1,1,0,0,0,0,0
2013,2013-03-20,"363","2",0,0,0,0,0,0,0,0
2013,2013-03-20,"363","3",0,0,0,0,0,0,0,0
2013,2013-03-26,"370","1",0,0,0,21,0,0,0,0
2013,2013-03-26,"370","2",0,0,1,7,0,0,0,0
2013,2013-03-26,"370","3",0,0,3,0,0,0,0,0
2013,2013-03-06,"379","1",0,0,0,0,0,0,0,0
2013,2013-03-06,"379","2",0,0,0,0,0,0,0,0
2013,2013-03-06,"379","3",0,0,0,0,0,0,0,0
2013,2013-03-06,"381","1",0,0,0,0,0,0,0,0
2013,2013-03-06,"381","2",0,0,0,0,0,0,0,0
2013,2013-03-06,"381","3",3,0,0,0,0,0,0,0
2013,2013-04-05,"394","1",0,0,0,6,0,0,0,0
2013,2013-04-05,"394","2",0,0,0,12,0,0,0,0
2013,2013-04-05,"394","3",0,0,0,2,0,0,0,0
2013,2013-03-26,"402","1",1,0,1,0,0,0,0,0
2013,2013-03-26,"402","2",0,0,4,0,0,0,0,0
2013,2013-03-26,"402","3",0,0,2,0,0,0,0,0
2013,2013-03-26,"406","1",0,0,0,0,0,0,0,0
2013,2013-03-26,"406","2",0,0,0,0,0,0,0,0
2013,2013-03-26,"406","3",0,0,0,0,0,0,0,0
2013,2013-03-05,"409","1",0,0,2,8,0,0,0,0
2013,2013-03-05,"409","2",0,0,10,1,0,0,0,0
2013,2013-03-05,"409","3",0,0,3,1,0,0,0,0
2013,2013-04-05,"422","1",0,0,0,9,0,0,0,0
2013,2013-04-05,"422","2",0,0,1,3,0,0,0,0
2013,2013-04-05,"422","3",0,0,1,4,0,0,0,0
2013,2013-03-15,"450","1",0,0,2,6,0,0,0,0
2013,2013-03-15,"450","2",0,0,2,1,0,0,0,0
2013,2013-03-15,"450","3",0,0,2,2,0,0,0,0
2013,2013-03-15,"457","1",0,2,0,0,0,0,0,0
2013,2013-03-15,"457","2",2,1,0,0,0,0,0,0
2013,2013-03-15,"457","3",0,1,0,0,0,0,0,0
2013,2013-03-15,"458","1",0,0,0,0,0,0,0,0
2013,2013-03-15,"458","2",0,0,0,0,0,0,0,0
2013,2013-03-15,"458","3",0,0,0,0,0,0,0,0
2013,2013-03-15,"462","1",0,0,0,0,0,2,0,0
2013,2013-03-15,"462","2",0,0,0,0,0,0,0,0
2013,2013-03-15,"462","3",0,0,0,0,0,0,0,0
2013,2013-03-13,"463","1",0,0,0,0,0,0,0,0
2013,2013-03-13,"463","2",0,0,0,0,0,0,0,0
2013,2013-03-13,"463","3",0,0,0,0,0,0,0,0
2013,2013-03-12,"469","1",2,3,0,0,0,0,0,0
2013,2013-03-12,"469","2",0,1,0,0,0,0,0,0
2013,2013-03-12,"469","3",0,7,0,0,0,0,0,0
2013,2013-03-12,"470","1",6,9,0,0,0,0,0,0
2013,2013-03-12,"470","2",6,12,0,0,0,0,0,0
2013,2013-03-12,"470","3",2,2,0,0,0,0,0,0
2013,2013-03-12,"471","1",0,0,0,13,0,0,0,0
2013,2013-03-12,"471","2",1,0,0,5,0,0,0,0
2013,2013-03-12,"471","3",3,0,0,8,0,0,0,0
2013,2013-03-15,"472","1",0,0,0,0,0,0,0,0
2013,2013-03-15,"472","2",0,0,0,0,0,0,0,0
2013,2013-03-15,"472","3",0,1,0,0,0,0,0,0
2013,2013-05-22,"481","1",9,0,8,0,0,0,0,0
2013,2013-05-22,"481","2",8,0,4,0,0,0,0,0
2013,2013-05-22,"481","3",10,0,14,1,0,0,0,0
2013,2013-04-05,"487","1",0,0,0,0,0,0,0,0
2013,2013-04-05,"487","2",0,2,0,0,0,0,0,0
2013,2013-04-05,"487","3",0,0,0,0,0,0,0,0
2013,2013-03-20,"489","1",2,5,0,0,0,0,0,0
2013,2013-03-20,"489","2",2,1,0,0,0,0,0,0
2013,2013-03-20,"489","3",0,1,0,0,0,0,0,0
2013,2013-05-10,"491","1",1,0,0,0,0,0,0,0
2013,2013-05-10,"491","2",0,0,0,0,0,0,0,0
2013,2013-05-10,"491","3",0,0,0,0,0,0,0,0
2013,2013-05-08,"493","1",0,2,0,0,0,0,0,0
2013,2013-05-08,"493","2",1,3,0,0,0,0,0,0
2013,2013-05-08,"493","3",0,3,0,0,0,0,0,0
2013,2013-05-08,"499","1",0,0,0,1,0,0,0,0
2013,2013-05-08,"499","2",0,0,0,0,0,0,0,0
2013,2013-05-08,"499","3",0,0,0,5,0,0,0,0
2013,2013-03-05,"503","1",0,0,0,0,0,6,0,0
2013,2013-03-05,"503","2",0,0,0,0,0,3,0,0
2013,2013-03-05,"503","3",0,0,0,0,0,2,0,0
2013,2013-03-05,"505","1",0,0,3,13,0,0,0,0
2013,2013-03-05,"505","2",0,0,0,3,0,0,0,0
2013,2013-03-05,"505","3",0,0,0,1,0,0,0,0
2013,2013-04-09,"506","1",0,0,8,3,0,0,0,0
2013,2013-04-09,"506","2",0,0,5,6,0,0,0,0
2013,2013-04-09,"506","3",0,0,2,2,0,0,0,0
2013,2013-04-09,"507","1",0,0,0,0,0,0,0,0
2013,2013-04-09,"507","2",0,0,0,0,0,0,0,0
2013,2013-04-09,"507","3",0,0,0,0,0,0,0,0
2013,2013-03-22,"508","1",0,0,0,1,0,0,0,0
2013,2013-03-22,"508","2",0,0,0,0,0,0,0,0
2013,2013-03-22,"508","3",0,0,0,0,0,0,0,0
2013,2013-03-22,"509","1",0,0,0,0,0,0,0,0
2013,2013-03-22,"509","2",0,0,0,0,0,0,0,0
2013,2013-03-22,"509","3",0,0,0,0,0,0,0,0
2013,2013-03-13,"510","1",0,0,0,0,0,2,0,0
2013,2013-03-13,"510","2",0,0,0,0,0,0,0,0
2013,2013-03-13,"510","3",0,0,0,0,3,2,0,0
2013,2013-04-10,"511","1",0,0,0,0,0,5,0,0
2013,2013-04-10,"511","2",0,0,0,0,2,2,0,0
2013,2013-04-10,"511","3",3,4,0,0,0,0,0,0
2013,2013-03-12,"512","1",0,0,0,12,0,0,0,0
2013,2013-03-12,"512","2",0,0,1,4,0,0,0,0
2013,2013-03-12,"512","3",0,0,0,1,0,0,0,0
2013,2013-05-01,"515","1",0,0,0,0,0,0,0,0
2013,2013-05-01,"515","2",0,0,0,0,0,0,0,0
2013,2013-05-01,"515","3",0,0,0,0,0,0,0,0
2013,2013-04-12,"535","1",0,0,0,4,0,0,0,0
2013,2013-04-12,"535","2",0,0,0,3,0,0,0,0
2013,2013-04-12,"535","3",0,0,0,2,0,0,0,0
2013,2013-04-30,"718","1",26,3,0,0,0,0,0,0
2013,2013-04-30,"718","2",17,3,0,0,0,0,0,0
2013,2013-04-30,"718","3",10,0,0,0,0,0,0,0
2013,2013-04-29,"719","1",4,1,0,0,0,0,0,0
2013,2013-04-29,"719","2",1,0,0,0,0,0,0,0
2013,2013-04-29,"719","3",9,0,5,0,0,0,0,0
2013,2013-03-26,"728","1",0,0,0,11,0,0,0,0
2013,2013-03-26,"728","2",0,0,0,10,0,0,0,0
2013,2013-03-26,"728","3",0,0,0,8,0,0,0,0
2013,2013-05-08,"731","1",0,0,0,0,0,0,0,0
2013,2013-05-08,"731","2",1,7,0,0,0,0,0,0
2013,2013-05-08,"731","3",0,0,0,0,0,0,0,0
2013,2013-04-29,"733","1",1,0,2,0,0,0,0,0
2013,2013-04-29,"733","2",1,0,4,0,0,0,0,0
2013,2013-04-29,"733","3",14,4,3,4,0,0,0,0
2013,2013-04-29,"734","1",12,4,2,0,0,0,0,0
2013,2013-04-29,"734","2",16,18,0,0,0,0,0,0
2013,2013-04-29,"734","3",14,2,8,6,0,0,0,0
2013,2013-03-20,"736","1",0,0,0,0,0,0,0,0
2013,2013-03-20,"736","2",0,0,0,0,0,0,0,1
2013,2013-03-20,"736","3",0,0,0,0,0,0,1,0
2013,2013-03-20,"737","1",0,0,0,0,0,0,0,0
2013,2013-03-20,"737","2",0,0,0,0,0,0,0,0
2013,2013-03-20,"737","3",0,0,0,0,0,0,0,0
2013,2013-05-06,"741","1",4,0,0,0,0,0,2,0
2013,2013-05-06,"741","2",0,0,0,0,0,0,5,3
2013,2013-05-06,"741","3",0,0,0,0,0,0,7,2
2013,2013-04-24,"744","1",0,0,3,12,0,0,0,0
2013,2013-04-24,"744","2",0,0,0,8,0,0,0,0
2013,2013-04-24,"744","3",0,0,4,6,0,0,0,0
2013,2013-03-26,"745","1",0,0,0,11,0,0,0,0
2013,2013-03-26,"745","2",0,0,0,6,0,0,0,0
2013,2013-03-26,"745","3",0,0,0,11,0,0,0,0
2013,2013-06-03,"747","1",0,4,0,0,0,4,0,0
2013,2013-06-03,"747","2",0,1,0,0,0,4,0,0
2013,2013-06-03,"747","3",0,0,0,0,0,0,0,0
2013,2013-05-10,"748","1",0,0,14,5,0,0,0,0
2013,2013-05-10,"748","2",0,0,9,8,0,0,0,0
2013,2013-05-10,"748","3",3,0,7,1,0,0,0,0
2013,2013-03-26,"749","1",3,0,2,0,0,0,0,0
2013,2013-03-26,"749","2",0,0,0,0,0,0,0,0
2013,2013-03-26,"749","3",3,0,3,0,0,0,0,0
2013,2013-03-26,"751","1",0,0,0,14,0,0,0,0
2013,2013-03-26,"751","2",0,0,0,12,0,0,0,0
2013,2013-03-26,"751","3",0,0,1,14,0,0,0,0
2013,2013-05-22,"753","1",0,14,0,0,0,0,0,0
2013,2013-05-22,"753","2",1,2,0,0,0,0,0,0
2013,2013-05-22,"753","3",3,0,0,0,0,0,0,0
2013,2013-05-02,"800","1",0,0,0,0,0,8,0,0
2013,2013-05-02,"800","2",0,0,0,0,0,3,0,0
2013,2013-05-02,"800","3",0,0,0,0,0,0,0,0
2013,2013-05-08,"801","1",0,0,0,0,11,2,0,0
2013,2013-05-08,"801","2",0,0,0,0,11,1,0,0
2013,2013-05-08,"801","3",1,0,0,0,14,4,0,0
2013,2013-05-01,"802","1",0,0,0,0,0,0,0,0
2013,2013-05-01,"802","2",0,0,0,0,0,0,0,0
2013,2013-05-01,"802","3",0,0,0,0,1,0,0,0
2013,2013-05-01,"803","1",0,0,0,0,0,0,0,0
2013,2013-05-01,"803","2",1,0,0,0,3,0,0,0
2013,2013-05-01,"803","3",1,3,0,0,2,0,0,0
2013,2013-04-29,"804","1",1,0,0,0,0,0,0,0
2013,2013-04-29,"804","2",0,0,0,0,0,0,0,0
2013,2013-04-29,"804","3",0,0,0,0,0,0,0,0
2013,2013-07-17,"805","1",1,0,0,0,0,0,0,0
2013,2013-07-17,"805","2",1,0,0,0,0,0,0,0
2013,2013-07-17,"805","3",0,0,0,0,0,0,0,0
2013,2013-05-02,"806","1",3,0,0,0,3,0,0,0
2013,2013-05-02,"806","2",4,0,0,0,0,0,0,0
2013,2013-05-02,"806","3",3,2,0,0,0,0,0,0
2013,2013-05-28,"807","1",0,21,0,0,0,0,0,0
2013,2013-05-28,"807","2",0,3,0,0,0,0,0,0
2013,2013-05-28,"807","3",0,2,0,0,0,0,0,0
2013,2013-04-23,"810","1",3,9,0,0,0,0,0,0
2013,2013-04-23,"810","2",0,9,0,0,0,0,0,0
2013,2013-04-23,"810","3",0,10,0,0,0,0,0,0
2013,2013-04-30,"811","1",3,0,0,0,0,0,0,0
2013,2013-04-30,"811","2",3,5,0,0,0,0,0,0
2013,2013-04-30,"811","3",4,0,0,0,0,0,0,0
2013,2013-03-05,"812","1",0,0,0,0,0,0,0,0
2013,2013-03-05,"812","2",0,0,0,0,0,0,0,0
2013,2013-03-05,"812","3",0,0,0,0,0,0,0,0
2013,2013-04-05,"813","1",1,0,2,0,0,0,0,0
2013,2013-04-05,"813","2",1,0,3,0,0,0,0,0
2013,2013-04-05,"813","3",1,0,4,0,0,0,0,0
2013,2013-04-05,"814","1",0,0,0,0,0,0,0,0
2013,2013-04-05,"814","2",0,0,0,0,0,0,0,0
2013,2013-04-05,"814","3",0,0,0,0,0,0,0,0
2013,2013-04-05,"815","1",0,0,5,0,0,0,0,0
2013,2013-04-05,"815","2",0,0,1,2,0,0,0,0
2013,2013-04-05,"815","3",0,0,1,3,0,0,0,0
2013,2013-05-02,"816","1",0,0,0,0,0,1,0,0
2013,2013-05-02,"816","2",0,0,0,0,0,0,0,0
2013,2013-05-02,"816","3",0,0,0,0,0,0,0,0
2013,2013-03-13,"901","1",8,8,0,0,0,0,0,0
2013,2013-03-13,"901","2",23,7,0,0,0,0,0,0
2013,2013-03-13,"901","3",4,11,0,0,0,0,0,0
2013,2013-03-13,"902","1",5,7,0,0,0,0,0,0
2013,2013-03-13,"902","2",18,2,0,0,0,0,0,0
2013,2013-03-13,"902","3",15,1,0,0,0,0,0,0
2013,2013-07-17,"903","1",8,1,0,0,0,0,0,0
2013,2013-07-17,"903","2",2,0,0,0,0,0,0,0
2013,2013-07-17,"903","3",0,2,0,0,0,0,0,0
2013,2013-05-28,"905","1",1,2,0,0,0,0,0,0
2013,2013-05-28,"905","2",0,7,0,0,0,0,0,0
2013,2013-05-28,"905","3",0,0,0,2,1,0,0,0
2013,2013-06-14,"906","1",0,0,0,3,0,0,0,0
2013,2013-06-14,"906","2",0,0,0,0,0,0,0,0
2013,2013-06-14,"906","3",0,3,0,0,0,0,0,0
2013,2013-05-07,"907","1",0,1,0,0,0,0,0,0
2013,2013-05-07,"907","2",0,0,0,0,0,0,0,0
2013,2013-05-07,"907","3",0,0,0,1,0,0,0,0
2013,2013-05-02,"908","1",4,8,0,0,0,0,0,0
2013,2013-05-02,"908","2",1,6,0,0,0,0,0,0
2013,2013-05-02,"908","3",0,2,0,0,0,0,0,0
2013,2013-05-07,"909","1",2,5,0,0,0,0,0,0
2013,2013-05-07,"909","2",0,5,0,0,0,0,0,0
2013,2013-05-07,"909","3",0,4,0,0,0,0,0,0
2013,2013-05-07,"910","1",1,12,0,0,0,0,0,0
2013,2013-05-07,"910","2",0,12,0,0,0,0,0,0
2013,2013-05-07,"910","3",3,1,0,0,0,0,0,0
2013,2013-07-03,"911","1",0,2,0,0,0,0,0,0
2013,2013-07-03,"911","2",0,2,0,0,0,0,0,0
2013,2013-07-03,"911","3",0,3,0,0,0,0,0,0
2013,2013-07-03,"912","1",8,0,0,0,0,0,0,0
2013,2013-07-03,"912","2",10,0,0,0,0,0,0,0
2013,2013-07-03,"912","3",4,0,0,0,0,0,0,0
2013,2013-07-03,"913","1",0,4,0,0,0,0,0,0
2013,2013-07-03,"913","2",0,3,0,0,0,0,0,0
2013,2013-07-03,"913","3",0,1,0,0,0,0,0,0
2013,2013-06-03,"914","1",0,0,0,0,0,0,0,0
2013,2013-06-03,"914","2",3,0,0,0,0,0,0,0
2013,2013-06-03,"914","3",2,2,0,0,0,0,0,0
2015,2015-06-22,"1","1",0,1,0,0,0,0,0,0
2015,2015-06-22,"1","2",0,2,0,0,0,0,0,0
2015,2015-06-22,"1","3",0,0,0,0,0,0,0,0
2015,2015-08-21,"2","1",2,8,0,0,0,0,0,0
2015,2015-08-21,"2","2",2,2,0,0,0,0,0,0
2015,2015-08-21,"2","3",0,0,0,0,0,0,0,0
2015,2015-08-21,"3","1",0,0,0,5,0,0,0,0
2015,2015-08-21,"3","3",0,0,0,2,0,0,0,0
2015,2015-08-21,"3","2",0,0,0,0,0,0,0,0
2015,2015-06-22,"4","1",1,4,1,0,0,0,0,0
2015,2015-06-22,"4","2",1,10,0,0,0,0,0,0
2015,2015-06-22,"4","3",2,2,1,0,0,0,0,0
2015,2015-07-16,"5","2",0,0,0,0,0,0,0,0
2015,2015-07-16,"5","3",0,0,0,3,0,0,0,0
2015,2015-07-16,"5","1",0,0,0,0,0,0,0,0
2015,2015-06-22,"6","1",0,34,0,0,0,0,0,0
2015,2015-06-22,"6","2",1,16,0,0,0,0,0,0
2015,2015-06-22,"6","3",2,15,0,0,0,0,0,0
2015,2015-06-22,"7","1",22,4,0,0,0,0,0,0
2015,2015-06-22,"7","3",5,8,0,0,0,0,0,0
2015,2015-06-22,"7","2",12,7,0,0,0,0,0,0
2015,2015-07-30,"8","1",18,0,0,0,0,0,0,0
2015,2015-07-30,"8","2",0,8,0,0,0,0,0,0
2015,2015-07-30,"8","3",0,9,0,0,0,0,0,0
2015,2015-07-20,"11","3",0,0,0,0,0,6,0,0
2015,2015-07-20,"11","1",0,0,0,0,0,3,0,0
2015,2015-07-20,"11","2",0,0,0,0,0,0,0,0
2015,2015-08-03,"12","2",0,0,0,0,0,2,0,0
2015,2015-08-03,"12","3",0,0,0,0,1,2,0,0
2015,2015-08-03,"12","1",0,0,0,0,2,3,0,0
2015,2015-06-29,"15","1",0,0,0,8,0,0,0,0
2015,2015-06-29,"15","2",0,0,7,15,0,0,0,0
2015,2015-06-29,"15","3",0,0,2,1,0,0,0,0
2015,2015-06-29,"17","1",1,1,0,0,0,0,0,0
2015,2015-06-29,"17","2",4,2,1,0,0,0,0,0
2015,2015-06-29,"17","3",7,0,0,0,2,2,0,0
2015,2015-06-23,"18","1",0,0,0,0,0,0,0,0
2015,2015-06-23,"18","2",6,0,0,0,0,0,0,0
2015,2015-06-23,"18","3",2,0,0,0,0,0,0,0
2015,2015-06-22,"19","1",3,0,0,0,0,0,0,0
2015,2015-06-22,"19","2",0,3,0,0,0,0,0,0
2015,2015-06-22,"19","3",0,9,0,0,0,0,0,0
2015,2015-06-23,"20","1",0,1,0,0,0,0,0,0
2015,2015-06-23,"20","2",0,1,0,0,0,0,9,0
2015,2015-06-23,"20","3",0,0,0,0,0,0,2,2
2015,2015-08-04,"21","1",0,0,11,0,0,0,0,0
2015,2015-08-04,"21","2",0,0,6,3,0,0,0,0
2015,2015-08-04,"21","3",0,0,8,3,0,0,0,0
2015,2015-08-04,"22","1",1,16,0,0,0,0,0,0
2015,2015-08-04,"22","2",0,1,0,0,0,0,0,0
2015,2015-08-04,"22","3",0,0,0,0,0,0,0,0
2015,2015-07-29,"25","1",1,0,0,0,0,0,0,0
2015,2015-07-29,"25","2",0,0,0,6,0,0,0,0
2015,2015-07-29,"25","3",3,0,0,4,0,0,0,0
2015,2015-07-29,"26","1",0,0,0,0,0,0,0,0
2015,2015-07-29,"26","2",0,0,0,0,0,0,0,0
2015,2015-07-29,"26","3",0,0,0,0,4,0,0,0
2015,2015-06-11,"27","1",0,0,5,0,0,0,0,0
2015,2015-06-11,"27","2",0,0,4,6,0,0,0,0
2015,2015-06-11,"27","3",0,0,13,2,0,0,0,0
2015,2015-08-18,"28","1",5,4,0,0,0,0,0,0
2015,2015-08-18,"28","2",1,0,0,0,0,0,0,0
2015,2015-08-18,"28","3",4,1,0,0,0,0,0,0
2015,2015-06-11,"29","1",1,0,0,0,0,0,0,0
2015,2015-06-11,"29","2",3,1,0,0,0,0,0,0
2015,2015-06-11,"29","3",4,1,0,0,0,0,0,0
2015,2015-08-18,"30","3",0,0,0,0,0,0,0,0
2015,2015-08-18,"30","1",0,0,3,1,0,0,0,0
2015,2015-08-18,"30","2",0,0,2,0,0,0,0,0
2015,2015-06-11,"31","1",7,4,3,0,0,0,0,0
2015,2015-06-11,"31","2",1,1,4,0,0,0,0,0
2015,2015-06-11,"31","3",0,0,17,1,0,0,0,0
2015,2015-06-11,"32","1",2,0,0,0,0,0,0,0
2015,2015-06-11,"32","2",1,0,0,0,0,0,0,0
2015,2015-06-11,"32","3",0,0,0,0,0,0,0,0
2015,2015-08-07,"100","1",2,0,4,3,0,0,0,0
2015,2015-08-07,"100","2",4,0,1,2,0,0,0,0
2015,2015-08-07,"100","3",3,8,0,0,0,0,0,0
2015,2015-02-09,"101","1",0,1,0,0,0,0,0,0
2015,2015-02-09,"101","2",0,3,0,0,0,1,0,0
2015,2015-02-09,"101","3",1,3,0,0,0,0,0,0
2015,2015-08-18,"105","1",0,0,0,0,0,0,0,0
2015,2015-08-18,"105","2",3,0,0,0,0,0,0,0
2015,2015-08-18,"105","3",4,2,0,0,0,0,0,0
2015,2015-05-26,"107","1",0,0,3,2,0,0,0,0
2015,2015-05-26,"107","2",0,0,0,0,0,0,0,0
2015,2015-05-26,"107","3",0,0,3,2,0,0,0,0
2015,2015-08-25,"110","1",1,0,8,0,0,0,0,0
2015,2015-08-25,"110","2",0,0,9,3,0,0,0,0
2015,2015-08-25,"110","3",0,0,5,1,0,0,0,0
2015,2015-08-07,"111","1",3,0,5,2,0,0,0,0
2015,2015-08-07,"111","2",4,4,4,0,0,0,0,0
2015,2015-08-07,"111","3",0,0,0,0,0,0,0,0
2015,2015-08-07,"112","1",1,0,2,4,0,0,0,0
2015,2015-08-07,"112","2",0,0,7,1,0,0,0,0
2015,2015-08-07,"112","3",0,0,4,0,0,0,0,0
2015,2015-05-26,"119","1",0,0,0,0,0,0,0,0
2015,2015-05-26,"119","2",0,0,0,0,0,0,0,0
2015,2015-05-26,"119","3",0,0,0,0,0,0,0,0
2015,2015-08-25,"120","1",6,4,2,0,0,0,0,0
2015,2015-08-25,"120","2",5,4,1,1,0,0,0,0
2015,2015-08-25,"120","3",3,3,1,0,0,0,0,0
2015,2015-08-11,"121","1",0,4,0,0,0,0,0,0
2015,2015-08-11,"121","2",3,0,0,0,0,0,0,0
2015,2015-08-11,"121","3",0,0,0,0,0,0,0,0
2015,2015-05-11,"126","1",1,5,0,0,0,0,0,0
2015,2015-05-11,"126","2",2,7,0,0,0,0,0,0
2015,2015-05-11,"126","3",1,0,0,0,0,0,0,0
2015,2015-08-19,"129","1",5,7,0,0,0,0,0,0
2015,2015-08-19,"129","2",2,1,0,0,0,0,0,0
2015,2015-08-19,"129","3",3,3,0,0,0,0,0,0
2015,2015-07-21,"136","1",0,0,0,0,0,0,5,2
2015,2015-07-21,"136","2",0,0,0,0,0,0,1,1
2015,2015-07-21,"136","3",0,0,0,0,0,0,0,3
2015,2015-07-21,"139","1",0,0,0,0,4,3,0,0
2015,2015-07-21,"139","2",0,0,0,0,1,3,0,0
2015,2015-07-21,"139","3",2,7,0,0,0,0,0,0
2015,2015-07-20,"142","1",0,2,0,0,0,0,0,0
2015,2015-07-20,"142","2",1,1,0,0,0,0,0,0
2015,2015-07-20,"142","3",0,0,0,0,0,0,0,0
2015,2015-05-22,"172","1",17,1,0,0,0,0,0,0
2015,2015-05-22,"172","2",0,0,0,0,0,0,0,0
2015,2015-05-22,"172","3",4,0,0,0,0,0,0,0
2015,2015-08-03,"176","1",0,1,0,0,0,0,0,0
2015,2015-08-03,"176","2",0,0,0,0,0,0,0,0
2015,2015-08-03,"176","3",0,0,0,0,0,0,0,0
2015,2015-09-04,"178","1",1,0,0,0,0,0,0,0
2015,2015-09-04,"178","2",0,0,0,0,0,0,0,0
2015,2015-09-04,"178","3",1,0,0,0,0,0,0,0
2015,2015-09-04,"181","1",2,0,22,17,0,0,0,0
2015,2015-09-04,"181","2",3,0,29,19,0,0,0,0
2015,2015-09-04,"181","3",2,0,13,19,0,0,0,0
2015,2015-03-30,"203","1",0,0,0,1,0,0,0,0
2015,2015-03-30,"203","2",0,0,0,1,0,0,0,0
2015,2015-03-30,"203","3",0,0,0,0,0,0,0,0
2015,2015-09-04,"211","1",19,8,0,0,0,0,0,0
2015,2015-09-04,"211","2",9,7,0,0,0,0,0,0
2015,2015-09-04,"211","3",5,3,0,0,0,0,0,0
2015,2015-03-30,"215","1",0,0,7,5,0,0,0,0
2015,2015-03-30,"215","2",0,0,1,2,0,0,0,0
2015,2015-03-30,"215","3",5,2,2,0,0,0,0,0
2015,2015-03-30,"220","1",0,2,0,0,0,0,0,0
2015,2015-03-30,"220","2",0,0,0,0,0,0,0,0
2015,2015-03-30,"220","3",2,1,0,0,0,0,0,0
2015,2015-06-11,"221","1",0,0,0,0,0,0,0,0
2015,2015-06-11,"221","2",0,0,0,0,0,0,0,0
2015,2015-06-11,"221","3",0,0,0,0,0,0,0,0
2015,2015-06-11,"222","1",0,0,9,0,0,0,0,0
2015,2015-06-11,"222","2",0,0,14,5,0,0,0,0
2015,2015-06-11,"222","3",0,0,12,2,0,0,0,0
2015,2015-03-30,"233","1",0,0,9,0,0,0,0,0
2015,2015-03-30,"233","2",0,0,9,2,0,0,0,0
2015,2015-03-30,"233","3",0,0,11,9,0,0,0,0
2015,2015-05-04,"269","1",5,2,0,0,0,0,0,0
2015,2015-05-04,"269","2",0,2,0,0,1,0,0,0
2015,2015-05-04,"269","3",0,6,0,0,0,0,0,0
2015,2015-06-23,"274","1",0,1,0,0,0,0,0,0
2015,2015-06-23,"274","2",0,0,0,0,0,0,0,0
2015,2015-06-23,"274","3",0,0,0,0,0,0,0,0
2015,2015-07-15,"277","1",0,0,1,1,0,0,0,0
2015,2015-07-15,"277","2",0,0,0,2,0,0,0,0
2015,2015-07-15,"277","3",0,0,0,1,0,0,0,0
2015,2015-07-21,"278","1",0,1,0,0,0,0,0,0
2015,2015-07-21,"278","2",0,6,0,0,0,0,0,0
2015,2015-07-21,"278","3",1,3,0,0,0,0,0,0
2015,2015-08-18,"287","1",21,2,0,0,0,0,0,0
2015,2015-08-18,"287","2",21,12,0,0,0,0,0,0
2015,2015-08-18,"287","3",18,7,0,0,0,0,0,0
2015,2015-03-30,"299","1",3,0,0,0,0,0,2,0
2015,2015-03-30,"299","2",3,0,0,0,0,0,1,0
2015,2015-03-30,"299","3",2,1,0,0,0,0,0,0
2015,2015-05-18,"300","1",0,0,0,0,0,0,0,0
2015,2015-05-18,"300","2",1,0,0,0,0,0,0,0
2015,2015-05-18,"300","3",0,0,0,0,0,0,0,0
2015,2015-05-18,"301","1",0,1,0,0,0,0,0,0
2015,2015-05-18,"301","2",0,0,1,2,0,0,0,0
2015,2015-05-18,"301","3",0,0,0,0,0,0,0,0
2015,2015-05-18,"302","1",0,0,0,0,0,0,5,1
2015,2015-05-18,"302","2",0,0,0,0,0,0,0,0
2015,2015-05-18,"302","3",0,0,0,0,0,0,1,0
2015,2015-05-04,"303","1",0,0,0,0,0,0,2,0
2015,2015-05-04,"303","2",0,0,0,0,0,0,2,0
2015,2015-05-04,"303","3",0,0,0,0,0,0,2,0
2015,2015-06-11,"305","1",0,0,0,0,0,0,0,0
2015,2015-06-11,"305","2",0,0,0,0,0,0,0,0
2015,2015-06-11,"305","3",0,0,0,0,0,0,0,0
2015,2015-06-10,"340","1",1,0,0,0,1,0,0,0
2015,2015-06-10,"340","2",1,0,0,0,0,0,0,0
2015,2015-06-10,"340","3",2,0,0,0,0,0,0,0
2015,2015-07-11,"354","1",4,7,0,0,0,0,0,0
2015,2015-07-11,"354","2",0,5,0,0,0,0,0,0
2015,2015-07-11,"354","3",1,3,0,0,0,0,0,0
2015,2015-05-07,"357","1",0,0,0,0,0,0,0,0
2015,2015-05-07,"357","2",0,0,0,0,0,0,0,0
2015,2015-05-07,"357","3",1,0,0,0,0,0,0,0
2015,2015-03-31,"363","1",0,0,1,0,0,0,0,0
2015,2015-03-31,"363","2",0,0,0,0,0,0,0,0
2015,2015-03-31,"363","3",0,0,0,0,0,0,0,0
2015,2015-03-26,"370","1",0,0,0,19,0,0,0,0
2015,2015-03-26,"370","2",0,0,0,4,0,0,0,0
2015,2015-03-26,"370","3",0,0,2,0,0,0,0,0
2015,2015-06-03,"379","1",0,0,0,0,0,0,0,0
2015,2015-06-03,"379","2",0,0,0,0,0,0,0,0
2015,2015-06-03,"379","3",0,0,0,0,0,0,0,0
2015,2015-06-03,"381","1",0,0,0,0,0,0,0,0
2015,2015-06-03,"381","2",0,0,0,0,0,0,0,0
2015,2015-06-03,"381","3",3,0,0,0,0,0,0,0
2015,2015-05-12,"384","1",4,0,0,0,0,0,0,0
2015,2015-05-12,"384","2",1,0,13,0,0,0,0,0
2015,2015-05-12,"384","3",4,9,2,0,0,0,0,0
2015,2015-04-20,"394","1",0,0,0,5,0,0,0,0
2015,2015-04-20,"394","2",0,0,0,10,0,0,0,0
2015,2015-04-20,"394","3",0,0,0,4,0,0,0,0
2015,2015-04-21,"402","1",1,0,1,0,0,0,0,0
2015,2015-04-21,"402","2",0,0,4,0,0,0,0,0
2015,2015-04-21,"402","3",0,0,2,0,0,0,0,0
2015,2015-04-13,"406","1",0,0,0,0,0,0,0,0
2015,2015-04-13,"406","2",0,0,0,0,0,0,0,0
2015,2015-04-13,"406","3",0,0,0,0,0,0,0,0
2015,2015-04-20,"409","1",0,0,2,7,0,0,0,0
2015,2015-04-20,"409","2",0,0,10,0,0,0,0,0
2015,2015-04-20,"409","3",0,0,3,0,0,0,0,0
2015,2015-04-20,"422","1",0,0,0,6,0,0,0,0
2015,2015-04-20,"422","2",0,0,1,3,0,0,0,0
2015,2015-04-20,"422","3",0,0,1,4,0,0,0,0
2015,2015-05-12,"439","1",0,0,3,3,0,0,0,0
2015,2015-05-12,"439","2",3,4,9,4,0,0,0,0
2015,2015-05-12,"439","3",1,1,2,0,0,0,0,0
2015,2015-05-08,"450","1",0,0,1,4,0,0,0,0
2015,2015-05-08,"450","2",0,0,1,1,0,0,0,0
2015,2015-05-08,"450","3",0,0,3,3,0,0,0,0
2015,2015-02-18,"456","1",5,0,0,0,0,0,0,0
2015,2015-02-18,"456","2",0,0,0,0,0,0,0,0
2015,2015-02-18,"456","3",0,0,0,0,0,0,0,0
2015,2015-04-15,"457","1",0,2,0,0,0,0,0,0
2015,2015-04-15,"457","2",2,1,0,0,0,0,0,0
2015,2015-04-15,"457","3",0,1,1,0,0,0,0,0
2015,2015-05-08,"458","1",0,0,0,0,0,0,0,0
2015,2015-05-08,"458","2",0,0,0,0,0,0,0,0
2015,2015-05-08,"458","3",0,0,0,0,0,0,0,0
2015,2015-05-08,"462","1",0,0,0,0,0,1,0,0
2015,2015-05-08,"462","2",0,0,0,0,0,0,0,0
2015,2015-05-08,"462","3",0,0,0,0,0,0,0,0
2015,2015-05-08,"463","1",0,0,0,0,0,0,7,0
2015,2015-05-08,"463","2",0,0,0,0,0,0,3,0
2015,2015-05-08,"463","3",0,0,0,0,0,0,2,0
2015,2015-03-03,"469","1",7,2,0,0,1,0,0,0
2015,2015-03-03,"469","2",1,0,0,0,0,0,0,0
2015,2015-03-03,"469","3",0,5,0,0,0,0,0,0
2015,2015-03-03,"470","1",16,2,0,0,0,0,0,0
2015,2015-03-03,"470","2",11,9,0,0,0,0,0,0
2015,2015-03-03,"470","3",4,1,0,0,0,0,0,0
2015,2015-03-03,"471","1",0,0,0,12,0,0,0,0
2015,2015-03-03,"471","2",9,2,0,0,0,0,0,0
2015,2015-03-03,"471","3",8,0,0,6,0,0,0,0
2015,2015-02-18,"472","1",0,0,0,0,0,0,0,0
2015,2015-02-18,"472","2",0,0,0,0,0,0,0,0
2015,2015-02-18,"472","3",0,1,0,0,0,0,0,0
2015,2015-05-08,"476","1",0,0,0,0,0,0,0,0
2015,2015-05-08,"476","2",0,0,0,0,0,0,0,0
2015,2015-05-08,"476","3",0,0,0,0,0,0,0,0
2015,2015-04-15,"478","1",1,0,0,0,0,0,0,0
2015,2015-04-15,"478","2",2,0,0,0,0,0,0,0
2015,2015-04-15,"478","3",0,0,0,0,0,0,0,0
2015,2015-05-01,"481","1",9,0,7,0,0,0,0,0
2015,2015-05-01,"481","2",2,0,7,1,0,0,0,0
2015,2015-05-01,"481","3",6,2,13,0,0,0,0,0
2015,2015-06-04,"486","1",0,0,29,0,0,0,0,0
2015,2015-06-04,"486","2",0,0,21,3,0,0,0,0
2015,2015-06-04,"486","3",0,0,14,1,0,0,0,0
2015,2015-04-20,"487","1",0,0,0,0,0,0,0,0
2015,2015-04-20,"487","2",0,1,0,0,0,0,0,0
2015,2015-04-20,"487","3",0,0,0,0,0,0,0,0
2015,2015-03-31,"489","1",0,9,0,0,0,0,0,0
2015,2015-03-31,"489","2",0,2,0,0,0,0,0,0
2015,2015-03-31,"489","3",0,1,0,0,0,0,0,0
2015,2015-02-09,"491","1",1,0,0,0,0,0,0,0
2015,2015-02-09,"491","2",0,0,0,0,0,0,0,0
2015,2015-02-09,"491","3",0,0,0,0,0,0,0,0
2015,2015-08-04,"493","1",0,1,0,0,0,0,0,0
2015,2015-08-04,"493","2",1,3,0,0,0,0,0,0
2015,2015-08-04,"493","3",0,1,0,0,0,0,0,0
2015,2015-08-04,"497","1",1,1,0,0,0,0,0,0
2015,2015-08-04,"497","2",0,1,0,0,0,0,0,0
2015,2015-08-04,"497","3",1,0,0,0,0,0,0,0
2015,2015-08-04,"499","1",0,0,0,1,0,0,0,0
2015,2015-08-04,"499","2",0,0,0,0,0,0,0,0
2015,2015-08-04,"499","3",0,4,0,0,0,0,0,0
2015,2015-08-04,"502","1",2,0,16,2,0,0,0,0
2015,2015-08-04,"502","2",0,0,16,5,0,0,0,0
2015,2015-08-04,"502","3",0,0,11,2,0,0,0,0
2015,2015-04-21,"503","1",0,0,0,0,0,3,0,0
2015,2015-04-21,"503","2",0,0,0,0,0,2,0,0
2015,2015-04-21,"503","3",0,0,0,0,0,2,0,0
2015,2015-04-20,"504","1",1,1,0,0,0,0,0,0
2015,2015-04-20,"504","2",2,0,0,0,0,0,0,0
2015,2015-04-20,"504","3",0,0,0,0,0,0,0,0
2015,2015-04-20,"505","1",0,0,3,11,0,0,0,0
2015,2015-04-20,"505","2",0,0,0,2,0,0,0,0
2015,2015-04-20,"505","3",0,0,0,1,0,0,0,0
2015,2015-04-20,"506","1",0,0,8,2,0,0,0,0
2015,2015-04-20,"506","2",0,0,8,6,0,0,0,0
2015,2015-04-20,"506","3",2,0,2,0,0,0,0,0
2015,2015-06-03,"507","1",0,0,0,0,0,0,0,0
2015,2015-06-03,"507","2",0,0,0,0,0,0,0,0
2015,2015-06-03,"507","3",0,0,0,0,0,0,0,0
2015,2015-03-25,"508","1",0,0,0,1,0,0,0,0
2015,2015-03-25,"508","2",0,0,0,0,0,0,0,0
2015,2015-03-25,"508","3",0,0,0,0,0,0,0,0
2015,2015-03-25,"509","1",0,0,0,0,0,0,0,0
2015,2015-03-25,"509","2",0,0,0,0,0,0,0,0
2015,2015-03-25,"509","3",0,0,0,0,0,0,0,0
2015,2015-02-24,"510","1",0,0,0,0,0,1,0,0
2015,2015-02-24,"510","2",0,0,0,0,0,0,0,0
2015,2015-02-24,"510","3",0,0,0,0,2,0,0,0
2015,2015-02-24,"511","1",0,0,0,0,0,5,0,0
2015,2015-02-24,"511","2",1,1,0,0,0,1,0,0
2015,2015-02-24,"511","3",3,4,0,0,0,0,0,0
2015,2015-10-15,"512","1",0,0,0,10,0,0,0,0
2015,2015-10-15,"512","2",0,0,4,2,0,0,0,0
2015,2015-10-15,"512","3",0,0,2,1,0,0,0,0
2015,2015-07-20,"515","1",0,0,0,0,0,0,0,0
2015,2015-07-20,"515","2",0,0,0,0,0,0,0,0
2015,2015-07-20,"515","3",0,0,0,0,0,0,0,0
2015,2015-07-20,"518","1",0,0,0,0,0,0,0,0
2015,2015-07-20,"518","2",0,0,0,0,0,0,0,0
2015,2015-07-20,"518","3",0,0,0,0,0,0,0,0
2015,2015-05-04,"535","1",0,0,0,3,0,0,0,0
2015,2015-05-04,"535","2",0,0,0,3,0,0,0,0
2015,2015-05-04,"535","3",0,0,0,2,0,0,0,0
2015,2015-04-13,"589","1",0,0,0,0,0,0,0,0
2015,2015-04-13,"589","2",0,0,0,0,0,0,0,0
2015,2015-04-13,"589","3",0,0,0,0,0,0,0,0
2015,2015-05-26,"700","1",0,0,2,0,0,0,0,0
2015,2015-05-26,"700","2",1,0,5,2,0,0,0,0
2015,2015-05-26,"700","3",0,0,7,4,0,0,0,0
2015,2015-08-11,"703","1",0,2,0,0,0,0,0,0
2015,2015-08-11,"703","2",0,0,1,0,1,0,0,0
2015,2015-08-11,"703","3",0,0,0,0,1,3,0,0
2015,2015-08-13,"705","1",0,0,0,0,0,0,0,0
2015,2015-08-13,"705","2",0,1,0,0,0,0,0,0
2015,2015-08-13,"705","3",1,1,1,0,0,0,0,0
2015,2015-08-13,"707","1",0,0,8,2,0,0,0,0
2015,2015-08-13,"707","2",0,0,5,1,0,0,0,0
2015,2015-08-13,"707","3",0,0,3,5,0,0,0,0
2015,2015-08-25,"708","1",0,0,9,3,0,0,0,0
2015,2015-08-25,"708","2",0,0,7,12,0,0,0,0
2015,2015-08-25,"708","3",0,0,3,7,0,0,0,0
2015,2015-08-11,"709","1",2,0,9,2,0,0,0,0
2015,2015-08-11,"709","2",0,0,9,0,0,0,0,0
2015,2015-08-11,"709","3",0,0,8,0,0,0,0,0
2015,2015-08-13,"711","1",0,0,18,9,0,0,0,0
2015,2015-08-13,"711","2",0,1,5,9,0,0,0,0
2015,2015-08-13,"711","3",0,0,5,0,0,0,0,0
2015,2015-06-22,"712","1",0,9,0,0,0,0,0,0
2015,2015-06-22,"712","2",2,12,0,0,0,0,0,0
2015,2015-06-22,"712","3",0,5,0,0,0,0,0,0
2015,2015-08-19,"715","1",1,0,0,0,0,0,0,0
2015,2015-08-19,"715","2",0,1,0,0,0,0,0,0
2015,2015-08-19,"715","3",0,0,0,0,0,0,5,0
2015,2015-08-25,"717","1",2,1,3,4,0,0,0,0
2015,2015-08-25,"717","2",3,2,6,0,0,0,0,0
2015,2015-08-25,"717","3",1,1,7,3,0,0,0,0
2015,2015-07-14,"718","1",25,2,0,0,0,0,0,0
2015,2015-07-14,"718","2",20,3,0,0,0,0,0,0
2015,2015-07-14,"718","3",7,0,0,0,0,0,0,0
2015,2015-07-14,"719","1",4,0,0,0,0,0,0,0
2015,2015-07-14,"719","2",0,0,0,0,0,0,0,0
2015,2015-07-14,"719","3",6,2,1,0,0,0,0,0
2015,2015-06-24,"723","1",0,0,0,0,0,0,0,0
2015,2015-06-24,"723","2",0,0,0,0,0,0,0,0
2015,2015-06-24,"723","3",3,1,0,0,0,0,0,0
2015,2015-06-24,"724","1",0,0,2,2,0,0,0,0
2015,2015-06-24,"724","2",0,0,5,0,0,0,0,0
2015,2015-06-24,"724","3",0,0,0,0,0,0,0,0
2015,2015-06-26,"726","1",1,0,7,11,0,0,0,0
2015,2015-06-26,"726","2",0,0,11,6,0,0,0,0
2015,2015-06-26,"726","3",1,0,2,2,0,0,0,0
2015,2015-06-04,"727","1",0,0,26,4,0,0,0,0
2015,2015-06-04,"727","2",0,0,21,2,0,0,0,0
2015,2015-06-04,"727","3",0,0,20,0,0,0,0,0
2015,2015-06-29,"728","1",0,0,0,18,0,0,0,0
2015,2015-06-29,"728","2",0,0,0,9,0,0,0,0
2015,2015-06-29,"728","3",0,0,0,7,0,0,0,0
2015,2015-08-04,"731","1",0,0,0,0,0,0,0,0
2015,2015-08-04,"731","2",0,4,0,0,0,0,0,0
2015,2015-08-04,"731","3",0,0,0,0,0,0,0,0
2015,2015-07-14,"733","1",1,0,3,0,0,0,0,0
2015,2015-07-14,"733","2",0,0,4,0,0,0,0,0
2015,2015-07-14,"733","3",9,2,2,0,0,0,0,0
2015,2015-07-14,"734","1",9,3,2,0,0,0,0,0
2015,2015-07-14,"734","2",17,11,0,0,0,0,0,0
2015,2015-07-14,"734","3",9,1,8,5,0,0,0,0
2015,2015-08-11,"735","1",0,0,8,3,0,0,0,0
2015,2015-08-11,"735","2",0,0,12,3,0,0,0,0
2015,2015-08-11,"735","3",1,2,3,8,0,0,0,0
2015,2015-03-31,"736","1",0,0,0,0,0,0,0,0
2015,2015-03-31,"736","2",0,0,0,0,0,0,0,1
2015,2015-03-31,"736","3",0,0,0,0,0,0,1,0
2015,2015-03-31,"737","1",0,0,0,0,0,0,0,0
2015,2015-03-31,"737","2",0,0,0,0,0,0,0,0
2015,2015-03-31,"737","3",0,1,0,0,0,0,0,0
2015,2015-05-11,"740","1",0,3,0,0,0,0,0,0
2015,2015-05-11,"740","2",1,5,0,0,0,0,0,0
2015,2015-05-11,"740","3",0,1,0,0,0,0,0,0
2015,2015-05-01,"741","1",2,1,2,2,0,0,0,0
2015,2015-05-01,"741","2",0,1,4,1,0,0,0,0
2015,2015-05-01,"741","3",0,0,10,2,0,0,0,0
2015,2015-06-26,"744","1",0,0,1,11,0,0,0,0
2015,2015-06-26,"744","2",0,0,0,7,0,0,0,0
2015,2015-06-26,"744","3",0,0,2,7,0,0,0,0
2015,2015-06-29,"745","1",0,0,0,4,0,0,0,0
2015,2015-06-29,"745","2",0,0,0,4,0,0,0,0
2015,2015-06-29,"745","3",0,0,0,7,0,0,0,0
2015,2015-03-26,"746","1",0,0,33,17,0,0,0,0
2015,2015-03-26,"746","2",0,0,1,16,0,0,0,0
2015,2015-03-26,"746","3",0,0,2,28,0,0,0,0
2015,2015-05-22,"747","1",0,3,0,0,0,2,0,0
2015,2015-05-22,"747","2",0,3,0,0,0,0,0,0
2015,2015-05-22,"747","3",1,0,0,0,1,0,0,0
2015,2015-08-13,"748","1",0,0,12,4,0,0,0,0
2015,2015-08-13,"748","2",0,0,9,6,0,0,0,0
2015,2015-08-13,"748","3",3,0,7,1,0,0,0,0
2015,2015-04-21,"749","1",3,0,2,0,0,0,0,0
2015,2015-04-21,"749","2",0,0,0,0,0,0,0,0
2015,2015-04-21,"749","3",3,0,3,0,0,0,0,0
2015,2015-06-25,"750","1",0,0,0,0,0,0,1,0
2015,2015-06-25,"750","2",0,3,0,0,0,0,0,0
2015,2015-06-25,"750","3",0,0,0,0,0,0,6,0
2015,2015-06-29,"751","1",0,0,0,12,0,0,0,0
2015,2015-06-29,"751","2",0,0,0,11,0,0,0,0
2015,2015-06-29,"751","3",0,0,1,11,0,0,0,0
2015,2015-08-21,"753","1",0,9,0,0,0,0,0,0
2015,2015-08-21,"753","2",0,2,0,0,0,0,0,0
2015,2015-08-21,"753","3",0,11,0,0,0,0,0,0
2015,2015-07-23,"800","1",0,0,0,0,0,2,0,0
2015,2015-07-23,"800","2",0,0,0,0,0,0,0,0
2015,2015-07-23,"800","3",0,0,0,0,0,0,0,0
2015,2015-07-23,"801","1",0,0,0,0,7,1,0,0
2015,2015-07-23,"801","2",0,0,0,0,11,1,0,0
2015,2015-07-23,"801","3",2,0,0,0,9,3,0,0
2015,2015-05-22,"802","1",0,0,0,0,1,0,0,0
2015,2015-05-22,"802","2",0,0,0,0,0,0,0,0
2015,2015-05-22,"802","3",0,1,0,0,0,0,0,0
2015,2015-05-22,"803","1",0,0,0,0,2,0,0,0
2015,2015-05-22,"803","2",2,0,0,0,2,0,0,0
2015,2015-05-22,"803","3",4,0,0,0,3,0,0,0
2015,2015-07-14,"804","1",1,0,0,0,0,0,0,0
2015,2015-07-14,"804","2",0,0,0,0,0,0,0,0
2015,2015-07-14,"804","3",0,0,0,0,0,0,0,0
2015,2015-07-22,"805","1",1,0,0,0,0,0,0,0
2015,2015-07-22,"805","2",1,0,0,0,0,0,0,0
2015,2015-07-22,"805","3",0,0,0,0,0,0,0,0
2015,2015-06-26,"806","1",14,0,0,0,1,0,0,0
2015,2015-06-26,"806","2",10,0,0,0,0,0,0,0
2015,2015-06-26,"806","3",1,5,0,0,0,0,0,0
2015,2015-07-30,"807","1",0,6,0,0,0,0,0,0
2015,2015-07-30,"807","2",0,3,0,0,0,0,0,0
2015,2015-07-30,"807","3",2,5,0,0,0,0,0,0
2015,2015-08-19,"808","1",0,1,0,0,0,0,0,0
2015,2015-08-19,"808","2",0,0,0,0,0,0,2,0
2015,2015-08-19,"808","3",0,0,0,0,0,0,0,0
2015,2015-08-13,"809","1",1,0,0,0,2,0,0,0
2015,2015-08-13,"809","2",0,0,0,0,1,0,0,0
2015,2015-08-13,"809","3",0,0,0,0,1,0,0,0
2015,2015-07-22,"810","1",7,4,0,0,0,0,0,0
2015,2015-07-22,"810","2",0,5,0,0,0,0,0,0
2015,2015-07-22,"810","3",0,5,0,0,0,0,0,0
2015,2015-07-30,"811","1",1,6,0,0,0,0,0,0
2015,2015-07-30,"811","2",3,6,0,0,0,0,0,0
2015,2015-07-30,"811","3",1,2,0,0,0,0,0,0
2015,2015-05-01,"812","1",0,0,0,0,0,0,0,0
2015,2015-05-01,"812","2",0,0,0,0,0,0,0,0
2015,2015-05-01,"812","3",0,0,0,0,0,0,0,0
2015,2015-03-13,"813","1",2,0,2,0,0,0,0,0
2015,2015-03-13,"813","2",1,0,5,1,0,0,0,0
2015,2015-03-13,"813","3",1,0,5,0,0,0,0,0
2015,2015-03-13,"814","1",0,0,0,0,0,0,0,0
2015,2015-03-13,"814","2",0,0,0,0,0,0,0,0
2015,2015-03-13,"814","3",0,0,0,0,0,0,0,0
2015,2015-03-13,"815","1",0,0,4,0,0,0,0,0
2015,2015-03-13,"815","2",0,0,1,1,0,0,0,0
2015,2015-03-13,"815","3",0,0,1,2,0,0,0,0
2015,2015-07-15,"816","1",0,0,0,0,0,1,0,0
2015,2015-07-15,"816","2",0,0,0,0,0,0,0,0
2015,2015-07-15,"816","3",0,0,0,0,0,0,0,0
2015,2015-03-04,"901","1",29,3,0,0,0,0,0,0
2015,2015-03-04,"901","2",31,0,0,0,0,0,0,0
2015,2015-03-04,"901","3",8,2,0,0,0,0,0,0
2015,2015-03-04,"902","1",8,3,0,0,0,0,0,0
2015,2015-03-04,"902","2",26,0,0,0,0,0,0,0
2015,2015-03-04,"902","3",15,0,0,0,0,0,0,0
2015,2015-07-30,"903","1",18,0,0,0,0,0,0,0
2015,2015-07-30,"903","2",9,0,0,0,0,0,0,0
2015,2015-07-30,"903","3",4,1,0,0,0,0,0,0
2015,2015-07-16,"905","1",8,1,0,0,0,0,0,0
2015,2015-07-16,"905","2",10,0,0,0,0,0,0,0
2015,2015-07-16,"905","3",2,0,0,2,0,0,0,0
2015,2015-07-16,"906","1",0,0,0,0,0,0,0,0
2015,2015-07-16,"906","2",0,0,0,0,0,0,0,0
2015,2015-07-16,"906","3",0,3,0,0,0,0,0,0
2015,2015-06-10,"907","1",0,0,0,0,0,0,0,0
2015,2015-06-10,"907","2",0,0,0,0,0,0,0,0
2015,2015-06-10,"907","3",0,0,0,1,0,0,0,0
2015,2015-05-22,"908","1",4,3,0,0,0,0,0,0
2015,2015-05-22,"908","2",1,2,0,0,0,0,0,0
2015,2015-05-22,"908","3",0,2,0,0,0,0,0,0
2015,2015-05-22,"909","1",4,3,0,0,0,0,0,0
2015,2015-05-22,"909","2",3,2,0,0,0,0,0,0
2015,2015-05-22,"909","3",2,1,0,0,0,0,0,0
2015,2015-05-22,"910","1",2,0,0,0,1,0,0,0
2015,2015-05-22,"910","2",0,0,0,0,0,0,0,0
2015,2015-05-22,"910","3",5,0,0,0,0,0,0,0
2015,2015-07-22,"911","1",7,0,0,0,0,0,0,0
2015,2015-07-22,"911","2",2,1,0,0,0,0,0,0
2015,2015-07-22,"911","3",3,1,0,0,0,0,0,0
2015,2015-06-26,"912","1",17,3,0,0,0,0,0,0
2015,2015-06-26,"912","2",14,0,0,0,0,0,0,0
2015,2015-06-26,"912","3",17,0,0,0,0,0,0,0
2015,2015-06-26,"913","1",0,4,0,0,0,0,0,0
2015,2015-06-26,"913","2",0,1,0,0,0,0,0,0
2015,2015-06-26,"913","3",0,1,0,0,0,0,0,0
2015,2015-06-10,"914","1",0,0,0,0,0,0,0,0
2015,2015-06-10,"914","2",7,0,0,0,0,0,0,0
2015,2015-06-10,"914","3",0,0,2,2,0,0,0,0
2015,2016-04-29,"915","1",0,0,1,0,0,0,0,0
